Username,Message
ArtemisLover44,"Oh boi do I enjoy, Artemis :)"
,how do i get drops?
,!drops
,"throwing <sprite=""LUL"" name=""LUL"">"
eggybrain,!drops
xXLongXx,POGIWASHERE POGIWASHERE POGIWASHERE POGIWASHERE
xerai,!drops
,"<sprite=""ABOBA"" name=""ABOBA""> <sprite=""ABOBA"" name=""ABOBA""> <sprite=""ABOBA"" name=""ABOBA""> <sprite=""ABOBA"" name=""ABOBA""> <sprite=""ABOBA"" name=""ABOBA""> <sprite=""ABOBA"" name=""ABOBA""> ABOABA <sprite=""ABOBA"" name=""ABOBA"">"
mahsaweo,!predictions
,chat is moving os fast ppl wont know im gay
,ppl are still playing this game? lol olll
,pepelaugh
,"<sprite=""LUL"" name=""LUL""> Needs a third coach <sprite=""LUL"" name=""LUL"">"
THORN,so tired of this comp why cant people play something else its so boring to watch
pipipi,[message deleted by moderator]
Shore [Mod],Please do not send links in chat.
,Peepo
,"R <sprite=""OMEGALUL"" name=""OMEGALUL""> L L E D"
,‡ºº „Å§ ‚óï_‚óï ‡ºΩ„Å§ sending my energy to both teams ‡ºº „Å§ ‚óï_‚óï ‡ºΩ„Å§
,velocity subs malding rn
,bad game
,GOT SPEEEEED??? 888888888
,XLR8 playing this comp who would've guessed zzzzz
,"RENEWING MY VELOCITY SUB <sprite=""POG"" name=""POG"">"
,"mirror match, XLR8 won gg"
,PERSEDES <33333
,GOT SPEED? #VELOCITY
,new coach is kinda cute. think theyre stingle?
,if they lose velocity is gonna mald so hard xdddd
,Yep SPED SED 
,cant wait for velocity rage qing comp stream after this lol
,SPEEDYYYYY
,should've dropped out instead of getting a new coach lol
,Let's go Maeday!! <3
,if xlr8 loses im uninstalling
,aBobaa bBoba aBoba aBoba aBoba aBoba aBoba aBoba aBoba
,holy is XLR8 actually going to lose this ??
,when does finals start
,Boiga more like boy gay [message deleted]
,velocity fans xd lmao
,"HAJOON <sprite=""POG"" name=""POG"">"
,"<sprite=""POGGERS"" name=""POGGERS"">"
,"<sprite=""POGGERS"" name=""POGGERS""> I WAS HERE"
,"‚£ø‚£ø‚£ø‚£ø‚£ø‚£ø‚£ø‚£ø‚£ø‚£ø‚£ø‚£ø‚£ø‚£ø‚£ø‚£ø‚£ø‚£ø‚£ø‚£ø‚£ø‚£ø‚£ø‚£ø‚£ø‚£ø‚£ø‚£ø‚£ø‚£ø‚£ø‚£ø‚£ø‚£ø‚£ø‚°ø‚†ü‚†ã‚†â‚†â‚†õ‚†ª‚¢ø‚£ø‚†ø‚†õ‚†ã‚†Å‚†à‚†ô
‚£ø‚£ø‚£ø‚£ø‚£ø‚£ø‚£ø‚£ø‚£ø‚£ø‚£ø‚£ø‚£ø‚¢ø‚£ø‚£ø‚£ø‚£ø‚£ø‚£ø‚£ø‚£ø‚£ø‚£ø‚£ø‚£ø‚£ø‚£ø‚£ø‚£ø‚£ø‚£ø‚£ø‚£ø‚°ø‚†Å‚†¥‚£ø‚†ü‚†â‚†Ä‚†Ä‚†à‚°Ä‚†Ä‚†Ä‚†Ä‚†Ä‚†Ä‚†Ä
‚£ø‚£ø‚£ø‚£ø‚£ø‚£ø‚£ø‚£ø‚£ø‚£ø‚°ø‚†ã‚†Ä‚£æ‚£ø‚£ø‚£ø‚£ø‚£ø‚†ø‚†ø‚†ø‚†õ‚†õ‚†â‚†â‚†Ä‚†Ä‚†Ä‚†Ä‚†Ä‚†Ä‚†Ä‚†â‚¢Å‚†Ä‚†Ä‚†à‚†Ä‚†Ä‚†Ä‚†Ä‚¢Ä‚°á‚†Ä‚†Ä‚†Ä‚†Ä‚†Ä‚†Ä
‚£ø‚£ø‚£ø‚£ø‚£ø‚£ø‚£ø‚£ø‚£ø‚°è‚†Ä‚†Ä‚£Ä‚£ø‚†ø‚†õ‚†â‚†Å‚†Ä‚†Ä‚†Ä‚†Ä‚†Ä‚†Ä‚†Ä‚†Ä‚†Ä‚†Ä‚†Ä‚†Ä‚†Ä‚†Ä‚†Ä‚†Ä‚†Ä‚¢†‚°Ä‚†Ä‚†Ä‚†Ä‚¢Ä‚£†‚£æ‚£ø‚†Ä‚†Ä‚†ê‚¢¶‚°Ä‚†Ä
‚£ø‚£ø‚£ø‚£ø‚£ø‚£ø‚£ø‚£ø‚£ø‚°Ä‚£†‚°æ‚†ã‚†Å‚†Ä‚†Ä‚†Ä‚†Ä‚†Ä‚†Ä‚†Ä‚†Ä‚£§‚£§‚£Ñ‚£Ä‚°Ä‚†Ä‚†Ä‚†Ä‚†Ä‚†Ä‚†Ä‚†Ä‚†Ä‚†Ä‚†à‚†õ‚†ª‚†ø‚†ø‚†ü‚†õ‚†ã‚¢∑‚£Ñ‚†Ä‚†Ä‚†π‚£¶
‚£ø‚£ø‚£ø‚£ø‚£ø‚£ø‚£ø‚£ø‚£ø‚†ü‚†Å‚†Ä‚†Ä‚†Ä‚†Ä‚†Ä‚†Ä‚†Ä‚†Ä‚†Ä‚†Ä‚†Ä‚°ü‚†õ‚†õ‚†õ‚†õ‚†Ø‚†∂‚£§‚£Ä‚†Ä‚†Ä‚†Ä‚†Ä‚†Ä‚†Ä‚†Ä‚†Ä‚†Ä‚†Ä‚†Ä‚†Ä‚†Ä‚†Ä‚†ª‚£∑‚£§‚°Ä‚†ò
‚£ø‚£ø‚£ø‚£ø‚£ø‚£ø‚£ø‚°ø‚†É‚†Ä‚†Ä‚†Ä‚†Ä‚†Ä‚†Ä‚†Ä‚†Ä‚†Ä‚†Ä‚†Ä‚†Ä‚†Ä‚°á‚†Ä‚†Ä‚†Ä‚†Ä‚†Ä‚†Ä‚†Ä‚†â‚†ë‚†¢‚£Ä‚†à‚†¢‚°Ä‚†Ä‚†Ä‚†Ä‚†Ä‚†Ä‚†Ä‚†Ä‚†Ä‚†Ä‚†ô‚£ø‚£ø‚£∑
‚£ø‚£ø‚£ø‚£ø‚£ø‚£ø‚†è‚†Ä‚†Ä‚†Ä‚†Ä‚†Ä‚†Ä‚†Ä‚†Ä‚†Ä‚†Ä‚†Ä‚†Ä‚¢∞‚†Ä‚†Ä‚°á‚†Ä‚†Ä‚†Ä‚£Ä‚†Ñ‚†í‚†Ä‚†Ä‚†Ä‚†Ä‚†Ä‚†ë‚†¢‚°ô‚°≥‚£Ñ‚†Ä‚†Ä‚†Ä‚†à‚†Ä‚†Ä‚†Ä‚†Ä‚†à‚†ª‚£ø
‚£ø‚£ø‚£ø‚£ø‚°ø‚†É‚†Ä‚†Ä‚†Ä‚†Ä‚†Ä‚†Ä‚†Ä‚†Ä‚†Ä‚†Ä‚†Ä‚†Ä‚†Ä‚¢∏‚°Ü‚†Ä‚†É‚¢Ä‚°¥‚†ö‚†Å‚†Ä‚†Ä‚†Ä‚†Ä‚†Ä‚†Ä‚†Ä‚†Ä‚†Ä‚†à‚†±‚†à‚†≥‚°Ñ‚†Ä‚†Ä‚†Ä‚¢Ç‚†Ä‚†Ä‚†Ä‚†Ä‚†ò
‚£ø‚£ø‚£ø‚°ø‚†Å‚†Ä‚†Ä‚†Ä‚†Ä‚†Ä‚†Ä‚†Ä‚†Ä‚†Ä‚†Ä‚†Ä‚†Ä‚†Ä‚†Ä‚†à‚£æ‚°Ä‚¢ê‚†â‚†Ä‚†Ä‚†Ä‚†Ä‚†Ä‚†Ä‚†Ä‚†Ä‚†Ä‚¢Ä‚£Ä‚£Ä‚£¥‚°Ä‚†Å‚†Ä‚†ô‚¢¶‚†Ä‚†Ä‚†à‚£ß‚°Ä‚†Ä‚†Ä‚†Ä
‚£ø‚£ø‚£ø‚†É‚†Ä‚†Ä‚†Ä‚°á‚†Ä‚†Ä‚†Ä‚†Ä‚†Ä‚†Ä‚†Ä‚†Ä‚†Ä‚†Ä‚†Ä‚†Ä‚°è‚†≥‚°à‚°Ä‚†Ä‚†Ä‚†Ä‚†Ä‚†Ä‚¢Ä‚£§‚£∂‚£ø‚°ø‚†ø‚†Ω‚†ø‚†ø‚£ø‚£∑‚£∂‚£å‚°≥‚°Ä‚†Ä‚¢π‚£∑‚°Ñ‚†Ä‚†Ä
‚£ø‚°ü‚†Å‚†Ä‚†Ä‚†Ä‚†Ä‚£∑‚†Ä‚†Ä‚†Ä‚†Ä‚†Ä‚†Ä‚†Ä‚†Ä‚†Ä‚†Ä‚†Ä‚†Ä‚¢∏‚†Ä‚†ë‚¢•‚†Ä‚†Ä‚°æ‚†ã‚£∞‚°ø‚°ü‚†ä‚†Ä‚†ö‚£ø‚£ø‚£ø‚£∂‚£Ñ‚†Ä‚†â‚¢π‚†Ä‚¢≥‚†Ä‚¢∏‚£ø‚£ø‚°Ñ‚†Ä
‚£ø‚†á‚†Ä‚†Ä‚†Ä‚†Ä‚†Ä‚¢π‚£á‚†Ä‚†Ä‚†Ä‚†Ç‚†Ä‚†Ä‚†Ä‚†Ä‚†Ä‚†Ä‚†Ä‚†ò‚°Ñ‚†Ä‚†à‚†Ä‚†à‚†Ä‚†∞‚¢ª‚†ã‚†Ä‚£Ä‚£Ä‚£†‚£ø‚£ø‚£ø‚£ø‚£ø‚£á‚†Ä‚†à‚†Ä‚†Ä‚¢É‚¢ò‚°è‚¢ø‚£ø‚°Ñ
‚°ø‚†Ä‚†Ä‚†Ä‚†Ä‚†Ä‚†Ä‚£ø‚†à‚†£‚°Ä‚†Ä‚†Ä‚†Ä‚†Ä‚†Ä‚†Ä‚†Ä‚†Ä‚†Ä‚†Ä‚¢É‚†Ä‚†Ä‚†Ä‚†Ä‚†Ä‚†Ä‚†ã‚†Ä‚†Ä‚¢ø‚£ø‚£ø‚£ø‚£ø‚£ø‚°ø‚†ü‚†Å‚†Ä‚†Ä‚†Ä‚†Ä‚†ò‚£º‚°á‚†à‚¢ø‚£ø
‚°á‚†Ä‚†Ä‚†Ä‚†Ä‚°Ü‚†Ä‚£ø‚†Ä‚†Ä‚°®‚†Ç‚†Ñ‚°Ä‚†Ä‚†Ä‚†Ä‚††‚£Ä‚†Ä‚†Ä‚†ò‚°Ñ‚†Ä‚†Ä‚†Ä‚†Ä‚†Ä‚†Ä‚†Ä‚†Ä‚†à‚†ô‚†ª‚†ø‚†õ‚†Å‚†Ä‚†Ä‚†Ä‚†Ä‚†Ä‚†Ä‚†Ä‚†Ä‚£ø‚†Ä‚†Ä‚†à‚£ø
‚°á‚†Ä‚†Ä‚†Ä‚†Ä‚†Ä‚†Ä‚¢∏‚†Ä‚£ê‚†ä‚†Ä‚†Ä‚†Ä‚¢â‚†∂‚†∂‚¢Ç‚†à‚†ô‚†í‚†Ç‚††‚†Ñ‚†Ä‚†Ä‚†Ä‚†Ä‚†Ä‚†Ä‚†Ä‚†Ä‚†Ä‚†Ä‚†Ä‚†Ä‚†Ä‚†Ä‚†Ä‚†Ä‚†Ä‚†Ä‚†Ä‚†Ä‚†Ä‚†á‚†Ä‚†Ä‚†Ä‚†∏
‚†Ä‚£Ä‚†Ç‚¢£‚°Ä‚†Ä‚†Ä‚†ò‚£†‚†É‚†Ä‚†Ä‚†Ä‚†Ä‚£†‚£¥‚£æ‚†∑‚†§‚†Ä‚†Ä‚†Ä‚†Ä‚†Ä‚†Ä‚†Ä‚†Ä‚†Ä‚†Ä‚†Ä‚†Ä‚†Ä‚†Ä‚†Ä‚†Ä‚†Ä‚†Ä‚†Ä‚†Ä‚†Ä‚†Ä‚†Ä‚†Ä‚†Ä‚†Ä‚†Ä‚†Ä‚†Ä‚†Ä‚†Ä
‚°Ä‚°ô‚†Ä‚†à‚¢ß‚†Ä‚†°‚°Ä‚¢â‚†Ä‚†Ä‚†Ä‚†Ä‚£¥‚£ø‚°´‚£ã‚£•‚£§‚£Ä‚†Ä‚†Ä‚†Ä‚†Ä‚†Ä‚†Ä‚†Ä‚†Ä‚†Ä‚†Ä‚†Ä‚†Ä‚†Ä‚†Ä‚†Ä‚†Ä‚†Ä‚†Ä‚†Ä‚†Ä‚†Ä‚†Ä‚†Ä‚†Ä‚†Ä‚†Ä‚†Ä‚†Ä‚†Ä‚†Ä
‚°ó‚†É‚†ê‚†Ä‚†à‚£∑‚°Ä‚¢≥‚°Ñ‚†Ç‚†Ä‚†Ä‚£∏‚£ø‚°õ‚†ë‚†õ‚¢ø‚£ø‚£ø‚£∑‚°Ñ‚†Ä‚†Ä‚†Ä‚†Ä‚†Ä‚†Ä‚†Ä‚†Ä‚†Ä‚†Ä‚†Ä‚†Ä‚†Ä‚†Ä‚†Ä‚†Ä‚†Ä‚†Ä‚†Ä‚†Ä‚†Ä‚†Ä‚†Ä‚†Ä‚†Ä‚†Ä‚†Ä‚†Ä
‚°á‚°Ä‚†Ç‚°Ä‚†Ä‚£∏‚¢±‚°à‚†á‚†ê‚†Ñ‚°†‚£ø‚°ü‚†Å‚†Ä‚†Ä‚£∏‚£ø‚£ø‚£ø‚°ü‚†Ä‚†Ä‚†Ä‚†Ä‚†à‚†Ä‚†Ä‚†Ä‚†Ä‚†Ä‚†Ä‚†Ä‚†Ä‚†Ä‚†Ä‚†Ä‚†Ä‚†Ä‚†Ä‚†Ä‚†Ä‚†Ä‚†Ä‚†Ä‚†Ä‚†Ä‚†Ä‚†Ä
‚£ø‚°ê‚°Ä‚†Ä‚¢†‚†è‚†Ä‚¢≥‚°ò‚°Ñ‚†à‚†Ä‚¢ø‚°ø‚†Ä‚¢ª‚£ø‚£ø‚£ø‚°ø‚†ã‚†Ä‚†Ä‚†Ä‚†Ä‚†Ä‚†Ä‚†Ä‚†Ä‚†Ä‚†Ä‚†Ä‚†Ä‚†Ä‚†Ä‚†Ä‚†Ä‚†Ä‚†Ä‚†Ä‚†Ä‚†Ä‚†Ä‚†Ä‚†Ä‚†Ä‚†Ä‚†Ä‚†Ä‚†Ä
‚£ø‚£ß‚†ê‚¢Ä‚°è‚†Ä‚†Ä‚†Ä‚¢≥‚°¥‚°Ä‚†Ä‚¢∏‚£ø‚°Ñ‚†Ä‚†â‚†õ‚†ã‚†Ä‚†Ä‚†Ä‚†Ä‚†Ä‚†Ä‚†Ä‚†Ä‚†Ä‚†Ä‚£∂‚£∂‚£∂‚°Ä‚†Ä‚†Ä‚†Ä‚†Ä‚†Ä‚†Ä‚†Ä‚†Ä‚†Ä‚†Ä‚†Ä‚†Ä‚†Ä‚†Ä‚†Ä‚†Ä‚†Ä
‚£ø‚£ø‚£Ü‚†Ä‚†ê‚°Ä‚†Ä‚†Ä‚†Ä‚¢ª‚£∑‚°Ä‚†Ä‚†É‚†ô‚†Ç‚†Ä‚†Ä‚†Ä‚†Ä‚†Ä‚†Ä‚†Ä‚†Ä‚†Ä‚†Ä‚†Ä‚†Ä‚†Ä‚¢ø‚£ø‚£ø‚£ø‚£Ñ‚†Ä‚†Ä‚†Ä‚†Ä‚†Ä‚†Ä‚†Ä‚†Ä‚†Ä‚†Ä‚†Ä‚†Ä‚†Ä‚†Ä‚†Ä‚†Ä
‚£ø‚£ø‚£ø‚£Ü‚†Ä‚†ô‚£Ñ‚†Ä‚†Ä‚†Ä‚†±‚£ï‚†Ñ‚†Ä‚†Ä‚†Ä‚†Ä‚†Ä‚†Ä‚†Ä‚†Ä‚†Ä‚†Ä‚†Ä‚†Ä‚†Ä‚†Ä‚†Ä‚†Ä‚†Ä‚†ª‚£ø‚£ø‚£ø‚£¶‚†Ä‚†Ä‚†Ä‚†Ä‚†Ä‚†Ä‚†Ä‚†Ä‚†Ä‚†Ä‚†Ä‚†Ä‚†Ä‚†Ä‚£¥
‚£ø‚£ø‚£ø‚£ø‚£ß‚°Ä‚†ò‚¢¶‚°Ä‚†Ä‚†Ä‚†à‚¢¢‚†Ä‚†Ä‚†Ä‚†Ä‚†Ä‚†Ä‚†Ä‚†Ä‚†Ä‚†Ä‚†Ä‚†Ä‚†Ä‚†Ä‚†Ä‚†Ä‚†Ä‚†Ä‚†ò‚†ø‚£ø‚£ø‚£á‚†Ä‚†Ä‚†Ä‚†Ä‚†Ä‚†Ä‚†Ä‚†Ä‚†Ä‚†Ä‚†Ä‚£†‚£æ‚£ø
‚£ø‚£ø‚£ø‚£ø‚£ø‚£∑‚¢Ñ‚†à‚†ª‚£Ü‚†Ä‚†Ä‚†Ä‚†ë‚¢Ñ‚°Ä‚†Ä‚†Ä‚†Ä‚†Ä‚†Ä‚†Ä‚†Ä‚†Ä‚†Ä‚†Ä‚†Ä‚†Ä‚†Ä‚†Ä‚†Ä‚†Ä‚†Ä‚†à‚†õ‚†ø‚†Ä‚†Ä‚†Ä‚†Ä‚†Ä‚†Ä‚†Ä‚†Ä‚¢Ä‚£¥‚£æ‚£ø‚£ø‚£ø"
,"‚£ø‚£ø‚£ø‚£ø‚£ø‚£ø‚£ø‚£ø‚£ø‚£ø‚£ø‚£ø‚£ø‚£ø‚£ø‚£ø‚£ø‚£ø‚£ø‚£ø‚£ø‚£ø‚£ø‚£ø‚£ø‚£ø‚£ø‚£ø‚£ø‚£ø‚£ø‚£ø‚£ø‚£ø‚£ø‚£ø‚£ø‚£ø‚£ø‚£ø
‚£ø‚£ø‚£ø‚£ø‚£ø‚£ø‚£ø‚£ø‚£ø‚£ø‚£ø‚£ø‚£ø‚£ø‚£ø‚£ø‚£ø‚£ø‚£ø‚£ø‚£ø‚£ø‚£ø‚£ø‚£ø‚£ø‚£ø‚£ø‚£ø‚£ø‚£ø‚£ø‚£ø‚£ø‚£ø‚£ø‚£ø‚£ø‚£ø‚£ø
‚£ø‚£ø‚°ø‚†ü‚†õ‚†õ‚†õ‚†õ‚¢ª‚£ø‚£ü‚£õ‚£â‚£â‚£â‚£â‚†â‚†â‚¢∞‚£ø‚£ø‚£ø‚£ø‚£ø‚£ø‚£ø‚£ø‚£ø‚£ø‚£ø‚£∑‚£ø‚£ø‚£ø‚£ø‚£ø‚£ø‚£ø‚£ø‚£ø
‚†ü‚†ã‚†Ä‚†Å‚†ê‚†Ç‚¢Ä‚†ñ‚†Å‚†Ä‚†Ä‚†Ä‚†Ä‚†Ä‚†Ä‚†à‚†â‚†≤‚£ø‚£ø‚£ø‚£ø‚£ø‚£ø‚£ø‚£ø‚£ø‚£ø‚£ø‚£ø‚£ø‚£ø‚£ø‚£ø‚£ø‚£ø‚£ø‚£ø‚£ø‚£ø
‚£§‚£§‚£Ñ‚£Ä‚£†‚†æ‚¢Ø‚£§‚£¶‚£§‚£§‚£§‚£Ä‚°Ä‚†Ä‚†Ä‚†Ä‚¢∞‚£ø‚°ü‚£ø‚£ø‚£ø‚£ø‚£ø‚£ø‚£ø‚£ø‚£ø‚£ø‚£ø‚£ø‚£ø‚£ø‚£ø‚£ø‚£ø‚£ø‚£ø‚£ø
‚£ø‚£ø‚£ø‚°ü‚†â‚¢æ‚£ø‚†ü‚¢â‚°â‚†â‚¢π‚£ü‚¢ø‚£∑‚£¶‚¢¢‚†ò‚£ø‚†É‚¢∏‚£ø‚£ø‚£ø‚£ø‚£ø‚£ø‚£ø‚£ø‚£ø‚£ø‚£ø‚£ø‚£ø‚£ø‚£ø‚£ø‚£ø‚£ø‚£ø
‚£ø‚£ø‚°ü‚†Ä‚†Ä‚†∏‚†Å‚¢∞‚£ø‚£∑‚£∂‚£§‚£ø‚£∑‚†ô‚¢ø‚°É‚†Ä‚†õ‚†Ä‚†Ä‚¢ª‚£ø‚£ø‚£ø‚£ø‚£ø‚£ø‚°ø‚£ø‚£ø‚£ø‚£ø‚£ø‚£ø‚£ø‚£ø‚£ø‚£ø‚£ø
‚£ø‚°ø‚†Ä‚†Ä‚†Ä‚†Ä‚†Ä‚†ö‚†ª‚†ø‚£ø‚£ü‚£ª‚°ø‚†Ä‚†à‚†Å‚†Ä‚†Ä‚†Ä‚†Ä‚†Ä‚†ª‚£ø‚£ø‚£ø‚£ø‚°ø‚†Ä‚¢ª‚£ø‚£ø‚£ø‚£ø‚£ø‚£ø‚£ø‚£ø‚£ø‚£ø
‚°á‚†Å‚†Ä‚†Ä‚†Ä‚†Ä‚†Ä‚†Ä‚†Ä‚†Ä‚†Ä‚†â‚†É‚†Ä‚†Ä‚†Ä‚†Ä‚†Ä‚†Ä‚†Ä‚†Ä‚†Ä‚†Ä‚†à‚†õ‚†ü‚£ø‚†á‚†Ä‚†à‚£ø‚£ø‚£ø‚£ø‚£ø‚£ø‚£ø‚£ø‚£ø‚£ø
‚†Ä‚†Ä‚†Ä‚†Ä‚†Ä‚†Ä‚†Ä‚†Ä‚†Ä‚†Ä‚†Ä‚†Ä‚†Ä‚†Ä‚†Ä‚†Ä‚†Ä‚†Ä‚†Ä‚†Ä‚†Ä‚†Ä‚†Ä‚†Ä‚£Ä‚£§‚£≠‚£ï‚°Ä‚†Ä‚†ò‚£ø‚£ø‚£ø‚£ø‚£ø‚£ø‚£ø‚£ø‚£ø
‚†Ä‚†Ä‚†Ä‚†Ä‚†Ä‚†Ä‚†Ä‚†Ä‚†Ä‚†Ä‚†Ä‚†Ä‚†Ä‚†Ä‚†Ä‚†Ä‚¢Ä‚°Ñ‚†Ä‚†Ä‚†Ä‚†Ä‚†Ä‚†Ä‚†Ä‚£Ä‚†â‚†ª‚¢ø‚£¶‚°Ä‚†π‚†ô‚£ø‚£ø‚£ø‚£ø‚£ø‚£ø‚£ø
‚†Ä‚†Ä‚†Ä‚†Ä‚†Ä‚†Ä‚†Ä‚†Ä‚†Ä‚†Ä‚†Ä‚†Ä‚†Ä‚†Ä‚†Ä‚†Ä‚†à‚†Å‚†Ä‚†Ä‚†Ä‚†Ä‚†Ä‚¢Ä‚£æ‚£∑‚£Ñ‚†Ä‚£¶‚°ª‚£∑‚°Ä‚†Ä‚†∏‚£ø‚£ø‚£ø‚£ø‚£ø‚£ø
‚†Ä‚†Ä‚†Ä‚†Ä‚†Ä‚†Ä‚†Ä‚†Ä‚£†‚£∂‚£∂‚£¶‚°Ä‚††‚†Ä‚†Ä‚†Ä‚†Ä‚†Ä‚†Ä‚†Ä‚†Ä‚†Ä‚†∏‚£ø‚£ø‚£ø‚£ø‚£ø‚£ß‚¢ø‚£ß‚†Ñ‚†Ä‚£ø‚£ø‚£ø‚£ø‚£ø‚£ø
‚†Ä‚†Ä‚†Ä‚†Ä‚†Ä‚†Ä‚¢Ä‚£º‚£ø‚£ø‚£ø‚£ø‚£ø‚£¶‚£Ñ‚£Ä‚£Ä‚†Ä‚†Ä‚†Ä‚†Ä‚†Ä‚†Ä‚†Ä‚†Ä‚†ô‚¢ø‚£è‚°ø‚†É‚£º‚°ø‚†§‚£∞‚£ø‚£ø‚£ø‚£ø‚£ø‚£ø
‚†Ä‚†Ä‚†Ä‚†Ä‚†Ä‚†Ä‚£æ‚£ø‚£ø‚£ø‚£ø‚£ø‚£ø‚£ø‚£ø‚£ø‚£ø‚°Ü‚†Ä‚†Ä‚†Ä‚†Ä‚†Ä‚†Ä‚†Ä‚†Ä‚†Ä‚†ë‚†Ä‚†Ä‚†õ‚†É‚£†‚£ø‚£ø‚£ø‚£ø‚£ø‚£ø‚£ø
‚†Ä‚†Ä‚†Ä‚†Ä‚†Ä‚†Ä‚£ø‚£ø‚£ø‚£ø‚£ø‚£ø‚£ø‚£ø‚£ø‚£ø‚£ø‚†á‚†Ä‚†Ä‚†Ä‚†Ä‚†Ä‚†Ä‚†Ä‚†Ä‚†Ä‚†Ä‚†Ä‚†Ä‚†Ä‚£∞‚£ø‚£ø‚£ø‚£ø‚£ø‚£ø‚£ø‚£ø
‚£ß‚°Ä‚†Ä‚†Ä‚†Ä‚†Ä‚¢ª‚£ø‚£ø‚£ø‚£ø‚£ø‚£ø‚£ø‚£ø‚£ø‚°ü‚†Ä‚†Ä‚†Ä‚†Ä‚†Ä‚†Ä‚†Ä‚†Ä‚†Ä‚†Ä‚†Ä‚†Ä‚°†‚£º‚£ø‚£ø‚£ø‚£ø‚£ø‚£ø‚£ø‚£ø‚£ø
‚£ø‚£∑‚£Ñ‚†Ä‚†Ä‚†Ä‚†Ä‚†ô‚†ø‚£ø‚£ø‚£ø‚£ø‚£ø‚°ø‚†ã‚†Ä‚†Ä‚†Ä‚†Ä‚†Ä‚†Ä‚†Ä‚†Ä‚†Ä‚†Ä‚†Ä‚†Ä‚£†‚£æ‚£ø‚£ø‚£ø‚£ø‚£ø‚£ø‚£ø‚£ø‚£ø‚£ø"
,
,"MOBILE VIEWERS <sprite=""widepepOMEGAKEKHappyChampHands"" name=""widepepOMEGAKEKHappyChampHands""> MOBILE VIEWERS <sprite=""widepepOMEGAKEKHappyChampHands"" name=""widepepOMEGAKEKHappyChampHands""> MOBILE VIEWERS <sprite=""widepepOMEGAKEKHappyChampHands"" name=""widepepOMEGAKEKHappyChampHands""> MOBILE VIEWERS <sprite=""widepepOMEGAKEKHappyChampHands"" name=""widepepOMEGAKEKHappyChampHands""> MOBILE VIEWERS <sprite=""widepepOMEGAKEKHappyChampHands"" name=""widepepOMEGAKEKHappyChampHands""> MOBILE VIEWERS <sprite=""widepepOMEGAKEKHappyChampHands"" name=""widepepOMEGAKEKHappyChampHands""> MOBILE VIEWERS <sprite=""widepepOMEGAKEKHappyChampHands"" name=""widepepOMEGAKEKHappyChampHands""> "
,Velocity out of position...
,
,"üìû <sprite=""4Head"" name=""4Head""> HELLO XLR8? üìû <sprite=""4Head"" name=""4Head""> VELOCITY HERE üìû <sprite=""4Head"" name=""4Head""> I AM WAITING AT THE MCDONALDS BY GATE 06 üìû"
,"üìû <sprite=""4Head"" name=""4Head""> HELLO XLR8? üìû <sprite=""4Head"" name=""4Head""> VELOCITY HERE üìû <sprite=""4Head"" name=""4Head""> I AM WAITING AT THE MCDONALDS BY GATE 06 üìû"
,"üìû <sprite=""4Head"" name=""4Head""> HELLO XLR8? üìû <sprite=""4Head"" name=""4Head""> VELOCITY HERE üìû <sprite=""4Head"" name=""4Head""> I AM WAITING AT THE MCDONALDS BY GATE 06 üìû"
,"üìû <sprite=""4Head"" name=""4Head""> HELLO XLR8? üìû <sprite=""4Head"" name=""4Head""> VELOCITY HERE üìû <sprite=""4Head"" name=""4Head""> I AM WAITING AT THE MCDONALDS BY GATE 06 üìû"
,
,Atropos!!!!!!
,Hajoon the king is back!!!
,
,‚ï†‚ïê‚ïê‚ïê‚ï£Lets build a ladder‚ï†‚ïê‚ïê‚ïê‚ï£
,‚ï†‚ïê‚ïê‚ïê‚ï£Lets build a ladder‚ï†‚ïê‚ïê‚ïê‚ï£
,‚ï†‚ïê‚ïê‚ïê‚ï£Lets build a ladder‚ï†‚ïê‚ïê‚ïê‚ï£
,‚ï†‚ïê‚ïê‚ïê‚ï£Lets build a ladder‚ï†‚ïê‚ïê‚ïê‚ï£
,‚ï†‚ïê‚ïê‚ïê‚ï£Lets build a ladder‚ï†‚ïê‚ïê‚ïê‚ï£
Hades,!drops
,‚ï†‚ïê‚ïê‚ïê‚ï£Lets build a ladder‚ï†‚ïê‚ïê‚ïê‚ï£
,x5 ‚ï†‚ïê‚ïê‚ïê‚ï£Lets build a ladder‚ï†‚ïê‚ïê‚ïê‚ï£
, Fuck u Hades for breaking the streak
,
,"NA, aka ""Not Able,"" is a minor region in Pantheon that is often ridiculed for failing to show up at international performances. It is specifically known for the money wasted to bring in midlaners with dental problems from better regions."
,
,
,( Õ†¬∞ Õü ñ Õ°¬∞) OVERCONFIDENCE IS A SLOW AND INSIDIOUS KILLER ( Õ†¬∞ Õü ñ Õ°¬∞)
,
Person A,"Hey guys. This is my very first copy pasta and I am really nervous about pasting it because if it does not get copy pasta then I will have much embarrassment. I've have thinking about it for a couple of nights now, but here it is!."
Person B,"Hey guys. This is my very first copy pasta and I am really nervous about pasting it because if it does not get copy pasta then I will have much embarrassment. I've have thinking about it for a couple of nights now, but here it is!."
Person A,:)
,"Guys can you please not spam the chat. My mom bought me this new laptop and it gets really hot when the chat is being spamed. Now my leg is starting to hurt because it is getting so hot. Please, if you don't want me to get burned, then dont spam the chat"
,(first message) yeah yeah yeah yeah yeah
,"<sprite=""PoggieWoggie"" name=""PoggieWoggie"">"
,>:(
,Tweetch
,Let's go XLR8!!!!
,observers????? watching support doing nothing instead of watching Velocity!!!!
,"<sprite=""PeepoHands"" name=""PeepoHands"">"
,
,hajoon? more like haPOO
,these casters have no idea what theyre talking about
,chat is so bronze how can you not understand that play
,"Hello, thank you for ordering the Twitch Viewbot Premium Package for $550 which will last 2 months and end on 8/13/17. This subscription will have your chat enter life-like messages that are believable and you'll never be suspected! Here are some examples: how do you play this game? PJSalt what game is this? Additionally, upgrade for another $50 and earn the message: BabyRage STRIMMER TURN THIS DUMB SHIT OFF BabyRage MrDestructoid
"
,
, I am not a viewbot. I am a normal chatter in Velocity's chat. This is not suspicious at all. Great play Velocity! You're the best
,i think the casters are doing a good job tbh. casting Pantheon is hard
,i have 5 more ads to watch let me know what's happening
,zzzzzz so tired of this meta just nerf Helios already
,i want to lick the sweat off boiga's muscles
,
,!vanish
,I can't believe this game is so close!  Let's gooo [team name!]
,
,STAN MOONY STAN MOONY STAN MOONY DEBUT 2/18 STAN MOONY
